URL	料理名	日付	サイズ	セクション	カテゴリ
https://www.city.ichinomiya.aichi.jp/_res/projects/default_project/_page_/001/001/639/0604meatball-no-creamni.pdf	ミートボールのクリーム煮	令和6年4月	158.1KB	最新のレシピ	最新のレシピ
https://www.city.ichinomiya.aichi.jp/_res/projects/default_project/_page_/001/001/639/2505omamenodoraikari.pdf	お豆のドライカレー		215.4KB	過去のレシピ	汁物
https://www.city.ichinomiya.aichi.jp/_res/projects/default_project/_page_/001/001/639/2512konkonkare.pdf	コン根カレーライス		205.3KB	過去のレシピ	汁物
https://www.city.ichinomiya.aichi.jp/_res/projects/default_project/_page_/001/001/639/2706doraikare-.pdf	ドライカレー		241.7KB	過去のレシピ	汁物
https://www.city.ichinomiya.aichi.jp/_res/projects/default_project/_page_/001/001/639/2709bbkare-.pdf	B・Bカレー		153.0KB	過去のレシピ	汁物
https://www.city.ichinomiya.aichi.jp/_res/projects/default_project/_page_/001/001/639/2902sasaminokuzujiru.pdf	ささみのくず汁		239.2KB	過去のレシピ	汁物
https://www.city.ichinomiya.aichi.jp/_res/projects/default_project/_page_/001/001/639/2903kakitamajiru.pdf	かきたま汁		228.0KB	過去のレシピ	汁物
https://www.city.ichinomiya.aichi.jp/_res/projects/default_project/_page_/001/001/639/2910natuyasaikare.pdf	夏野菜カレー		178.7KB	過去のレシピ	汁物
https://www.city.ichinomiya.aichi.jp/_res/projects/default_project/_page_/001/001/639/2910sutaminajiru.pdf	スタミナ汁		155.9KB	過去のレシピ	汁物
https://www.city.ichinomiya.aichi.jp/_res/projects/default_project/_page_/001/001/639/2912potofu.pdf	ポトフ		162.9KB	過去のレシピ	汁物
https://www.city.ichinomiya.aichi.jp/_res/projects/default_project/_page_/001/001/639/3011chikinnotomatokuri-musichu-.pdf	チキンのトマトクリームシチュー		243.3KB	過去のレシピ	汁物
https://www.city.ichinomiya.aichi.jp/_res/projects/default_project/_page_/001/001/639/0203tounyuunabe.pdf	豆乳なべ	令和2年3月	157.2KB	過去のレシピ	汁物
https://www.city.ichinomiya.aichi.jp/_res/projects/default_project/_page_/001/001/639/0303chuukafuusoup.pdf	中華風白菜豆乳スープ	令和3年3月	297.8KB	過去のレシピ	汁物
https://www.city.ichinomiya.aichi.jp/_res/projects/default_project/_page_/001/001/639/0312minestrone.pdf	ミネストローネ	令和3年12月	127.5KB	過去のレシピ	汁物
https://www.city.ichinomiya.aichi.jp/_res/projects/default_project/_page_/001/001/639/0405kaminarijiru.pdf	かみなり汁	令和4年5月	128.9KB	過去のレシピ	汁物
https://www.city.ichinomiya.aichi.jp/_res/projects/default_project/_page_/001/001/639/0412gomamisosiru.pdf	ごまみそ汁	令和4年12月	180.4KB	過去のレシピ	汁物
https://www.city.ichinomiya.aichi.jp/_res/projects/default_project/_page_/001/001/639/0603tomatototamagonokonsomesu-pu.pdf	トマトと卵のコンソメスープ	令和6年3月	121.0KB	過去のレシピ	汁物
https://www.city.ichinomiya.aichi.jp/_res/projects/default_project/_page_/001/001/639/2504hijikinoitameni.pdf	ひじきのいため煮		157.2KB	過去のレシピ	煮物・いため物・丼物
https://www.city.ichinomiya.aichi.jp/_res/projects/default_project/_page_/001/001/639/2507bejitaburuma-bo.pdf	八丁みそのベジタブルマーボ		213.6KB	過去のレシピ	煮物・いため物・丼物
https://www.city.ichinomiya.aichi.jp/_res/projects/default_project/_page_/001/001/639/2510pennenonaporitan.pdf	ペンネのナポリタン		154.3KB	過去のレシピ	煮物・いため物・丼物
https://www.city.ichinomiya.aichi.jp/_res/projects/default_project/_page_/001/001/639/2512ma-bo-.pdf	マーボー豆腐		150.7KB	過去のレシピ	煮物・いため物・丼物
https://www.city.ichinomiya.aichi.jp/_res/projects/default_project/_page_/001/001/639/2512ichinomiyadon.pdf	一宮丼		171.3KB	過去のレシピ	煮物・いため物・丼物
https://www.city.ichinomiya.aichi.jp/_res/projects/default_project/_page_/001/001/639/2602nimiso.pdf	煮みそ		245.4KB	過去のレシピ	煮物・いため物・丼物
https://www.city.ichinomiya.aichi.jp/_res/projects/default_project/_page_/001/001/639/2603mi-toso-su.pdf	ミートソース		159.9KB	過去のレシピ	煮物・いため物・丼物
https://www.city.ichinomiya.aichi.jp/_res/projects/default_project/_page_/001/001/639/2604po-kubi-nnzu.pdf	ポークビーンズ		153.8KB	過去のレシピ	煮物・いため物・丼物
https://www.city.ichinomiya.aichi.jp/_res/projects/default_project/_page_/001/001/639/2607kiribosi.pdf	切干しだいこんのベーコン煮		198.5KB	過去のレシピ	煮物・いため物・丼物
https://www.city.ichinomiya.aichi.jp/_res/projects/default_project/_page_/001/001/639/2608chiriso-suitame.pdf	夏野菜のチリソースいため		220.7KB	過去のレシピ	煮物・いため物・丼物
https://www.city.ichinomiya.aichi.jp/_res/projects/default_project/_page_/001/001/639/2610soborodon.pdf	そぼろ丼		162.8KB	過去のレシピ	煮物・いため物・丼物
https://www.city.ichinomiya.aichi.jp/_res/projects/default_project/_page_/001/001/639/2703chirikonkan.pdf	チリコンカーン		165.2KB	過去のレシピ	煮物・いため物・丼物
https://www.city.ichinomiya.aichi.jp/_res/projects/default_project/_page_/001/001/639/2703agejyagaimo.pdf	揚げじゃがいものきんぴら		151.9KB	過去のレシピ	煮物・いため物・丼物
https://www.city.ichinomiya.aichi.jp/_res/projects/default_project/_page_/001/001/639/2705chinjyao.pdf	チンジャオロースー		159.9KB	過去のレシピ	煮物・いため物・丼物
https://www.city.ichinomiya.aichi.jp/_res/projects/default_project/_page_/001/001/639/2711si-cyantakecyan.pdf	シーちゃんタケちゃん		196.1KB	過去のレシピ	煮物・いため物・丼物
https://www.city.ichinomiya.aichi.jp/_res/projects/default_project/_page_/001/001/639/2803gyuunikutokonnyaku.pdf	牛肉とこんにゃくのいり煮		213.9KB	過去のレシピ	煮物・いため物・丼物
https://www.city.ichinomiya.aichi.jp/_res/projects/default_project/_page_/001/001/639/2805gomamisoitame.pdf	豚肉と根菜のごまみそいため		186.9KB	過去のレシピ	煮物・いため物・丼物
https://www.city.ichinomiya.aichi.jp/_res/projects/default_project/_page_/001/001/639/2806ma-bo-bi-fun.pdf	マーボービーフン		153.5KB	過去のレシピ	煮物・いため物・丼物
https://www.city.ichinomiya.aichi.jp/_res/projects/default_project/_page_/001/001/639/2808gyuudon.pdf	牛丼		88.1KB	過去のレシピ	煮物・いため物・丼物
https://www.city.ichinomiya.aichi.jp/_res/projects/default_project/_page_/001/001/639/2906yasaidoerya-u-ma-bou.pdf	野菜どえりゃー・うー・まー・ぼう		131.8KB	過去のレシピ	煮物・いため物・丼物
https://www.city.ichinomiya.aichi.jp/_res/projects/default_project/_page_/001/001/639/2912kuriirichikuzenni.pdf	栗入り筑前煮		206.5KB	過去のレシピ	煮物・いため物・丼物
https://www.city.ichinomiya.aichi.jp/_res/projects/default_project/_page_/001/001/639/3001hikizuri.pdf	ひきずり		231.0KB	過去のレシピ	煮物・いため物・丼物
https://www.city.ichinomiya.aichi.jp/_res/projects/default_project/_page_/001/001/639/3001kare-okara.pdf	カレーおから		164.3KB	過去のレシピ	煮物・いため物・丼物
https://www.city.ichinomiya.aichi.jp/_res/projects/default_project/_page_/001/001/639/3003mi-tobo-runotomatonikomi.pdf	ミートボールのトマト煮込み		187.5KB	過去のレシピ	煮物・いため物・丼物
https://www.city.ichinomiya.aichi.jp/_res/projects/default_project/_page_/001/001/639/3005shintakenokonokinpira.pdf	新筍のきんぴら		259.2KB	過去のレシピ	煮物・いため物・丼物
https://www.city.ichinomiya.aichi.jp/_res/projects/default_project/_page_/001/001/639/3006ma-bo-mamenonishokudon.pdf	マーボー豆の二色丼		185.0KB	過去のレシピ	煮物・いため物・丼物
https://www.city.ichinomiya.aichi.jp/_res/projects/default_project/_page_/001/001/639/3007aichiratatuiyu.pdf	愛知ラタトゥイユ		564.4KB	過去のレシピ	煮物・いため物・丼物
https://www.city.ichinomiya.aichi.jp/_res/projects/default_project/_page_/001/001/639/3008jurokusasagenooisuta-so-suitame.pdf	十六ささげのオイスターソースいため		189.2KB	過去のレシピ	煮物・いため物・丼物
https://www.city.ichinomiya.aichi.jp/_res/projects/default_project/_page_/001/001/639/3012hakusainokuri-muni.pdf	白菜のクリーム煮		202.3KB	過去のレシピ	煮物・いため物・丼物
https://www.city.ichinomiya.aichi.jp/_res/projects/default_project/_page_/001/001/639/0106yakinikudonn.pdf	焼き肉丼	令和元年6月	135.5KB	過去のレシピ	煮物・いため物・丼物
https://www.city.ichinomiya.aichi.jp/_res/projects/default_project/_page_/001/001/639/0107sloppyjoe.pdf	スラッピージョー	令和元年7月	106.1KB	過去のレシピ	煮物・いため物・丼物
https://www.city.ichinomiya.aichi.jp/_res/projects/default_project/_page_/001/001/639/0111jagaimonocurryni.pdf	じゃがいものカレー煮	令和元年11月	151.9KB	過去のレシピ	煮物・いため物・丼物
https://www.city.ichinomiya.aichi.jp/_res/projects/default_project/_page_/001/001/639/0201_138donnnogu.pdf	138丼の具	令和2年1月	247.2KB	過去のレシピ	煮物・いため物・丼物
https://www.city.ichinomiya.aichi.jp/_res/projects/default_project/_page_/001/001/639/0202misoodenn.pdf	みそおでん	令和2年2月	127.9KB	過去のレシピ	煮物・いため物・丼物
https://www.city.ichinomiya.aichi.jp/_res/projects/default_project/_page_/001/001/639/0211korikorirenkondonnogu.pdf	コリコリれんこん丼の具	令和2年11月	226.1KB	過去のレシピ	煮物・いため物・丼物
https://www.city.ichinomiya.aichi.jp/_res/projects/default_project/_page_/001/001/639/0212kakimawashi.pdf	かきまわし	令和2年12月	198.7KB	過去のレシピ	煮物・いため物・丼物
https://www.city.ichinomiya.aichi.jp/_res/projects/default_project/_page_/001/001/639/0301kiriboshitamago.pdf	一宮の切り干し卵いため	令和3年1月	311.2KB	過去のレシピ	煮物・いため物・丼物
https://www.city.ichinomiya.aichi.jp/_res/projects/default_project/_page_/001/001/639/0311pirikaranikujyaga.pdf	ピリ辛肉じゃが	令和3年11月	136.6KB	過去のレシピ	煮物・いため物・丼物
https://www.city.ichinomiya.aichi.jp/_res/projects/default_project/_page_/001/001/639/0402butanikutonasunoamakaraitame.pdf	豚肉となすの甘辛いため	令和4年2月	153.3KB	過去のレシピ	煮物・いため物・丼物
https://www.city.ichinomiya.aichi.jp/_res/projects/default_project/_page_/001/001/639/0403jagaimotowienernoconsommeitame.pdf	じゃがいもとウインナーのコンソメいため	令和4年3月	142.9KB	過去のレシピ	煮物・いため物・丼物
https://www.city.ichinomiya.aichi.jp/_res/projects/default_project/_page_/001/001/639/0408nikumisohijikidonnnogu.pdf	肉みそひじき丼の具	令和4年8月	150.7KB	過去のレシピ	煮物・いため物・丼物
https://www.city.ichinomiya.aichi.jp/_res/projects/default_project/_page_/001/001/639/0411jagaimonobutterni.pdf	じゃがいものバター煮	令和4年11月	184.7KB	過去のレシピ	煮物・いため物・丼物
https://www.city.ichinomiya.aichi.jp/_res/projects/default_project/_page_/001/001/639/0503luroufannogu.pdf	ルーローハンの具	令和5年3月	256.7KB	過去のレシピ	煮物・いため物・丼物
https://www.city.ichinomiya.aichi.jp/_res/projects/default_project/_page_/001/001/639/0505shinjaganosoboroni.pdf	新じゃがのそぼろ煮	令和5年5月	76.7KB	過去のレシピ	煮物・いため物・丼物
https://www.city.ichinomiya.aichi.jp/_res/projects/default_project/_page_/001/001/639/0506shintakenokonooisuta-so-suitame.pdf	新たけのこのオイスターソースいため	令和5年6月	208.7KB	過去のレシピ	煮物・いため物・丼物
https://www.city.ichinomiya.aichi.jp/_res/projects/default_project/_page_/001/001/639/0507chikinnotomatoni.pdf	チキンのトマト煮	令和5年7月	106.0KB	過去のレシピ	煮物・いため物・丼物
https://www.city.ichinomiya.aichi.jp/_res/projects/default_project/_page_/001/001/639/0601daikonnoamakarani.pdf	だいこんの甘辛煮	令和6年1月	168.8KB	過去のレシピ	煮物・いため物・丼物
https://www.city.ichinomiya.aichi.jp/_res/projects/default_project/_page_/001/001/639/2507toriremon.pdf	とりにくのレモンソース		180.8KB	過去のレシピ	揚げ物
https://www.city.ichinomiya.aichi.jp/_res/projects/default_project/_page_/001/001/639/2509torinikunoamazu.pdf	鶏肉の甘酢おろしにんじんあえ		73.4KB	過去のレシピ	揚げ物
https://www.city.ichinomiya.aichi.jp/_res/projects/default_project/_page_/001/001/639/2510satumaimotodaizu.pdf	さつまいもと大豆のあまがらめ		178.8KB	過去のレシピ	揚げ物
https://www.city.ichinomiya.aichi.jp/_res/projects/default_project/_page_/001/001/639/2606marianaso-su.pdf	鶏肉のマリアナソース		98.6KB	過去のレシピ	揚げ物
https://www.city.ichinomiya.aichi.jp/_res/projects/default_project/_page_/001/001/639/2611torikara.pdf	鶏から揚げりんごソース		196.5KB	過去のレシピ	揚げ物
https://www.city.ichinomiya.aichi.jp/_res/projects/default_project/_page_/001/001/639/2702gomateri.pdf	鶏肉と根菜のごまてり		177.1KB	過去のレシピ	揚げ物
https://www.city.ichinomiya.aichi.jp/_res/projects/default_project/_page_/001/001/639/2706amagarame.pdf	鶏肉と大豆の甘がらめ		82.9KB	過去のレシピ	揚げ物
https://www.city.ichinomiya.aichi.jp/_res/projects/default_project/_page_/001/001/639/2712sutamina.pdf	スタミナ揚げ		137.0KB	過去のレシピ	揚げ物
https://www.city.ichinomiya.aichi.jp/_res/projects/default_project/_page_/001/001/639/2801torikaranegiso-su.pdf	鶏から揚げねぎソース		64.9KB	過去のレシピ	揚げ物
https://www.city.ichinomiya.aichi.jp/_res/projects/default_project/_page_/001/001/639/2802maguroringo.pdf	まぐろのりんごソース		142.5KB	過去のレシピ	揚げ物
https://www.city.ichinomiya.aichi.jp/_res/projects/default_project/_page_/001/001/639/2805kurozudare.pdf	白身魚の黒酢だれ		130.0KB	過去のレシピ	揚げ物
https://www.city.ichinomiya.aichi.jp/_res/projects/default_project/_page_/001/001/639/2807agedangonoketyappu.pdf	揚げ団子のケチャップあんかけ		206.5KB	過去のレシピ	揚げ物
https://www.city.ichinomiya.aichi.jp/_res/projects/default_project/_page_/001/001/639/2811satumaimotodaizunojyakoamagarame.pdf	さつま芋と大豆のじゃこ甘がらめ		196.5KB	過去のレシピ	揚げ物
https://www.city.ichinomiya.aichi.jp/_res/projects/default_project/_page_/001/001/639/3010natsuyasaitotorikaranoagebitashi.pdf	夏野菜ととりカラの揚げびたし		251.2KB	過去のレシピ	揚げ物
https://www.city.ichinomiya.aichi.jp/_res/projects/default_project/_page_/001/001/639/3101torinikutonasunomisogarame.pdf	鶏肉となすのみそがらめ		147.4KB	過去のレシピ	揚げ物
https://www.city.ichinomiya.aichi.jp/_res/projects/default_project/_page_/001/001/639/0106agejagaimonosoboroni.pdf	揚げじゃがいものそぼろ煮	令和元年6月	202.7KB	過去のレシピ	揚げ物
https://www.city.ichinomiya.aichi.jp/_res/projects/default_project/_page_/001/001/639/0109torinikunoumeboshini.pdf	鶏肉の大根おろしと梅干煮	令和元年9月	67.3KB	過去のレシピ	揚げ物
https://www.city.ichinomiya.aichi.jp/_res/projects/default_project/_page_/001/001/639/0111butanikunoindofuu.pdf	豚肉のインド風から揚げ	令和元年11月	134.5KB	過去のレシピ	揚げ物
https://www.city.ichinomiya.aichi.jp/_res/projects/default_project/_page_/001/001/639/0201torinikunoamazuan.pdf	鶏肉の甘酢あん	令和2年1月	174.0KB	過去のレシピ	揚げ物
https://www.city.ichinomiya.aichi.jp/_res/projects/default_project/_page_/001/001/639/0206natsuyasaitotoriniku.pdf	夏野菜と鶏肉の梅肉おろしポン酢	令和2年6月	279.5KB	過去のレシピ	揚げ物
https://www.city.ichinomiya.aichi.jp/_res/projects/default_project/_page_/001/001/639/0209shiromizakananotamagoankake.pdf	白身魚のたまごあんかけ	令和2年9月	230.4KB	過去のレシピ	揚げ物
https://www.city.ichinomiya.aichi.jp/_res/projects/default_project/_page_/001/001/639/0303sabanocurryage.pdf	さばのカレー揚げ	令和3年3月	208.8KB	過去のレシピ	揚げ物
https://www.city.ichinomiya.aichi.jp/_res/projects/default_project/_page_/001/001/639/0303chikuwanoisobeage.pdf	ちくわの磯部揚げ	令和3年3月	293.3KB	過去のレシピ	揚げ物
https://www.city.ichinomiya.aichi.jp/_res/projects/default_project/_page_/001/001/639/0305daizutokozakananoageni.pdf	大豆と小魚の揚げ煮	令和3年5月	272.6KB	過去のレシピ	揚げ物
https://www.city.ichinomiya.aichi.jp/_res/projects/default_project/_page_/001/001/639/0306ankakekaraage.pdf	あんかけから揚げ	令和3年6月	126.4KB	過去のレシピ	揚げ物
https://www.city.ichinomiya.aichi.jp/_res/projects/default_project/_page_/001/001/639/0306ikanolemonsauce.pdf	いかのレモンソース	令和3年6月	135.5KB	過去のレシピ	揚げ物
https://www.city.ichinomiya.aichi.jp/_res/projects/default_project/_page_/001/001/639/0310torinikunokaraageirodorisaucegake.pdf	鶏肉のから揚げいろどりソースがけ	令和3年10月	159.3KB	過去のレシピ	揚げ物
https://www.city.ichinomiya.aichi.jp/_res/projects/default_project/_page_/001/001/639/0401spicyfriedchicken.pdf	スパイシーフライドチキン	令和4年1月	209.6KB	過去のレシピ	揚げ物
https://www.city.ichinomiya.aichi.jp/_res/projects/default_project/_page_/001/001/639/0403siromizakananoketchupsauce.pdf	白身魚のケチャップソース	令和4年3月	164.4KB	過去のレシピ	揚げ物
https://www.city.ichinomiya.aichi.jp/_res/projects/default_project/_page_/001/001/639/0501siromizakananookakaae.pdf	白身魚のおかか和え	令和5年1月	264.5KB	過去のレシピ	揚げ物
https://www.city.ichinomiya.aichi.jp/_res/projects/default_project/_page_/001/001/639/0502nasutosakananosyougajouyuae.pdf	なすと魚のしょうがじょうゆ和え	令和5年2月	155.3KB	過去のレシピ	揚げ物
https://www.city.ichinomiya.aichi.jp/_res/projects/default_project/_page_/001/001/639/0509torinikunoonionjinja-so-sugake.pdf	とり肉のオニオンジンジャーソースがけ	令和5年9月	217.4KB	過去のレシピ	揚げ物
https://www.city.ichinomiya.aichi.jp/_res/projects/default_project/_page_/001/001/639/0511torikaraagenoyuzuankake.pdf	とりから揚げのゆずあんかけ	令和5年11月	198.2KB	過去のレシピ	揚げ物
https://www.city.ichinomiya.aichi.jp/_res/projects/default_project/_page_/001/001/639/0602torinikunoisokaage.pdf	とり肉の磯香揚げ	令和6年2月	144.6KB	過去のレシピ	揚げ物
https://www.city.ichinomiya.aichi.jp/_res/projects/default_project/_page_/001/001/639/2504teridori.pdf	てりどり		164.8KB	過去のレシピ	焼き物
https://www.city.ichinomiya.aichi.jp/_res/projects/default_project/_page_/001/001/639/2605sawarateriyaki.pdf	さわらの照り焼き		147.4KB	過去のレシピ	焼き物
https://www.city.ichinomiya.aichi.jp/_res/projects/default_project/_page_/001/001/639/2612gomamisodare.pdf	豆腐のごまみそだれ		89.4KB	過去のレシピ	焼き物
https://www.city.ichinomiya.aichi.jp/_res/projects/default_project/_page_/001/001/639/2710torinikutomato.pdf	鶏肉のトマトソースがけ		175.5KB	過去のレシピ	焼き物
https://www.city.ichinomiya.aichi.jp/_res/projects/default_project/_page_/001/001/639/2810namaagenonikumisokake.pdf	生あげの肉みそかけ		183.9KB	過去のレシピ	焼き物
https://www.city.ichinomiya.aichi.jp/_res/projects/default_project/_page_/001/001/639/0307shiromizakananohaabuyaki.pdf	白身魚のハーブ焼き	令和3年7月	271.5KB	過去のレシピ	焼き物
https://www.city.ichinomiya.aichi.jp/_res/projects/default_project/_page_/001/001/639/2812bansansu-.pdf	バンサンスー		226.6KB	過去のレシピ	和え物（サラダ）
https://www.city.ichinomiya.aichi.jp/_res/projects/default_project/_page_/001/001/639/2903kiribosidaikonnogomazuae.pdf	切り干しだいこんのごま酢あえ		186.8KB	過去のレシピ	和え物（サラダ）
https://www.city.ichinomiya.aichi.jp/_res/projects/default_project/_page_/001/001/639/2905popaisarada.pdf	ポパイサラダ		176.5KB	過去のレシピ	和え物（サラダ）
https://www.city.ichinomiya.aichi.jp/_res/projects/default_project/_page_/001/001/639/2905kyuuritosasami.pdf	きゅうりとささみのめんつゆ和え		131.0KB	過去のレシピ	和え物（サラダ）
https://www.city.ichinomiya.aichi.jp/_res/projects/default_project/_page_/001/001/639/2907hijikisarada.pdf	ひじきサラダ		168.7KB	過去のレシピ	和え物（サラダ）
https://www.city.ichinomiya.aichi.jp/_res/projects/default_project/_page_/001/001/639/3103hanayasainogomamisoae.pdf	花野菜のごまみそ和え		174.1KB	過去のレシピ	和え物（サラダ）
https://www.city.ichinomiya.aichi.jp/_res/projects/default_project/_page_/001/001/639/0406calciumtappurisalad.pdf	カルシウムたっぷりサラダ	令和4年6月	178.2KB	過去のレシピ	和え物（サラダ）
https://www.city.ichinomiya.aichi.jp/_res/projects/default_project/_page_/001/001/639/0411kiribosidaikontosasagenomisomayosalad.pdf	切り干しだいこんとささげのみそマヨサラダ	令和4年11月	203.2KB	過去のレシピ	和え物（サラダ）
https://www.city.ichinomiya.aichi.jp/_res/projects/default_project/_page_/001/001/639/0411syakisyakirenkonsalad.pdf	シャキシャキれんこんサラダ	令和4年11月	187.2KB	過去のレシピ	和え物（サラダ）
https://www.city.ichinomiya.aichi.jp/_res/projects/default_project/_page_/001/001/639/0504akajisoae.pdf	赤じそ和え	令和5年4月	235.1KB	過去のレシピ	和え物（サラダ）
https://www.city.ichinomiya.aichi.jp/_res/projects/default_project/_page_/001/001/639/0511ingennogomaae.pdf	いんげんのごま和え	令和5年11月	146.9KB	過去のレシピ	和え物（サラダ）
https://www.city.ichinomiya.aichi.jp/_res/projects/default_project/_page_/001/001/639/0601hijikinogomadoreae.pdf	ひじきのごまドレ和え	令和6年1月	150.7KB	過去のレシピ	和え物（サラダ）
https://www.city.ichinomiya.aichi.jp/_res/projects/default_project/_page_/001/001/639/3005oroshiso-su.pdf	おろしソース		105.9KB	過去のレシピ	ソース・タレ
https://www.city.ichinomiya.aichi.jp/_res/projects/default_project/_page_/001/001/639/0107irodorisauce.pdf	いろどりソース（ハンバーグ）	令和元年7月	315.2KB	過去のレシピ	ソース・タレ
