URL	料理名	日付	セクション
https://www.city.ichinomiya.aichi.jp/_res/projects/default_project/_page_/001/001/639/0604meatball-no-creamni.pdf	ミートボールのクリーム煮	令和6年4月	最新のレシピ
https://www.city.ichinomiya.aichi.jp/_res/projects/default_project/_page_/001/001/639/2505omamenodoraikari.pdf	お豆のドライカレー	平成25年5月	汁物
https://www.city.ichinomiya.aichi.jp/_res/projects/default_project/_page_/001/001/639/2512konkonkare.pdf	コン根カレーライス	平成25年12月	汁物
https://www.city.ichinomiya.aichi.jp/_res/projects/default_project/_page_/001/001/639/2706doraikare-.pdf	ドライカレー	平成27年6月	汁物
https://www.city.ichinomiya.aichi.jp/_res/projects/default_project/_page_/001/001/639/2709bbkare-.pdf	B・Bカレー	平成27年9月	汁物
https://www.city.ichinomiya.aichi.jp/_res/projects/default_project/_page_/001/001/639/2902sasaminokuzujiru.pdf	ささみのくず汁	平成29年2月	汁物
https://www.city.ichinomiya.aichi.jp/_res/projects/default_project/_page_/001/001/639/2903kakitamajiru.pdf	かきたま汁	平成29年3月	汁物
https://www.city.ichinomiya.aichi.jp/_res/projects/default_project/_page_/001/001/639/2910natuyasaikare.pdf	夏野菜カレー	平成29年10月	汁物
https://www.city.ichinomiya.aichi.jp/_res/projects/default_project/_page_/001/001/639/2910sutaminajiru.pdf	スタミナ汁	平成29年10月	汁物
https://www.city.ichinomiya.aichi.jp/_res/projects/default_project/_page_/001/001/639/2912potofu.pdf	ポトフ	平成29年12月	汁物
https://www.city.ichinomiya.aichi.jp/_res/projects/default_project/_page_/001/001/639/3011chikinnotomatokuri-musichu-.pdf	チキンのトマトクリームシチュー	平成30年11月	汁物
https://www.city.ichinomiya.aichi.jp/_res/projects/default_project/_page_/001/001/639/0203tounyuunabe.pdf	豆乳なべ	令和2年3月	汁物
https://www.city.ichinomiya.aichi.jp/_res/projects/default_project/_page_/001/001/639/0303chuukafuusoup.pdf	中華風白菜豆乳スープ	令和3年3月	汁物
https://www.city.ichinomiya.aichi.jp/_res/projects/default_project/_page_/001/001/639/0312minestrone.pdf	ミネストローネ	令和3年12月	汁物
https://www.city.ichinomiya.aichi.jp/_res/projects/default_project/_page_/001/001/639/0405kaminarijiru.pdf	かみなり汁	令和4年5月	汁物
https://www.city.ichinomiya.aichi.jp/_res/projects/default_project/_page_/001/001/639/0412gomamisosiru.pdf	ごまみそ汁	令和4年12月	汁物
https://www.city.ichinomiya.aichi.jp/_res/projects/default_project/_page_/001/001/639/0603tomatototamagonokonsomesu-pu.pdf	トマトと卵のコンソメスープ	令和6年3月	汁物
https://www.city.ichinomiya.aichi.jp/_res/projects/default_project/_page_/001/001/639/2504hijikinoitameni.pdf	ひじきのいため煮	平成25年4月	煮物・いため物・丼物
https://www.city.ichinomiya.aichi.jp/_res/projects/default_project/_page_/001/001/639/2507bejitaburuma-bo.pdf	八丁みそのベジタブルマーボ	平成25年7月	煮物・いため物・丼物
https://www.city.ichinomiya.aichi.jp/_res/projects/default_project/_page_/001/001/639/2510pennenonaporitan.pdf	ペンネのナポリタン	平成25年10月	煮物・いため物・丼物
https://www.city.ichinomiya.aichi.jp/_res/projects/default_project/_page_/001/001/639/2512ma-bo-.pdf	マーボー豆腐	平成25年12月	煮物・いため物・丼物
https://www.city.ichinomiya.aichi.jp/_res/projects/default_project/_page_/001/001/639/2512ichinomiyadon.pdf	一宮丼	平成25年12月	煮物・いため物・丼物
https://www.city.ichinomiya.aichi.jp/_res/projects/default_project/_page_/001/001/639/2602nimiso.pdf	煮みそ	平成26年2月	煮物・いため物・丼物
https://www.city.ichinomiya.aichi.jp/_res/projects/default_project/_page_/001/001/639/2603mi-toso-su.pdf	ミートソース	平成26年3月	煮物・いため物・丼物
https://www.city.ichinomiya.aichi.jp/_res/projects/default_project/_page_/001/001/639/2604po-kubi-nnzu.pdf	ポークビーンズ	平成26年4月	煮物・いため物・丼物
https://www.city.ichinomiya.aichi.jp/_res/projects/default_project/_page_/001/001/639/2607kiribosi.pdf	切干しだいこんのベーコン煮	平成26年7月	煮物・いため物・丼物
https://www.city.ichinomiya.aichi.jp/_res/projects/default_project/_page_/001/001/639/2608chiriso-suitame.pdf	夏野菜のチリソースいため	平成26年8月	煮物・いため物・丼物
https://www.city.ichinomiya.aichi.jp/_res/projects/default_project/_page_/001/001/639/2610soborodon.pdf	そぼろ丼	平成26年10月	煮物・いため物・丼物
https://www.city.ichinomiya.aichi.jp/_res/projects/default_project/_page_/001/001/639/2703chirikonkan.pdf	チリコンカーン	平成27年3月	煮物・いため物・丼物
https://www.city.ichinomiya.aichi.jp/_res/projects/default_project/_page_/001/001/639/2703agejyagaimo.pdf	揚げじゃがいものきんぴら	平成27年3月	煮物・いため物・丼物
https://www.city.ichinomiya.aichi.jp/_res/projects/default_project/_page_/001/001/639/2705chinjyao.pdf	チンジャオロースー	平成27年5月	煮物・いため物・丼物
https://www.city.ichinomiya.aichi.jp/_res/projects/default_project/_page_/001/001/639/2711si-cyantakecyan.pdf	シーちゃんタケちゃん	平成27年11月	煮物・いため物・丼物
https://www.city.ichinomiya.aichi.jp/_res/projects/default_project/_page_/001/001/639/2803gyuunikutokonnyaku.pdf	牛肉とこんにゃくのいり煮	平成28年3月	煮物・いため物・丼物
https://www.city.ichinomiya.aichi.jp/_res/projects/default_project/_page_/001/001/639/2805gomamisoitame.pdf	豚肉と根菜のごまみそいため	平成28年5月	煮物・いため物・丼物
https://www.city.ichinomiya.aichi.jp/_res/projects/default_project/_page_/001/001/639/2806ma-bo-bi-fun.pdf	マーボービーフン	平成28年6月	煮物・いため物・丼物
https://www.city.ichinomiya.aichi.jp/_res/projects/default_project/_page_/001/001/639/2808gyuudon.pdf	牛丼	平成28年8月	煮物・いため物・丼物
https://www.city.ichinomiya.aichi.jp/_res/projects/default_project/_page_/001/001/639/2906yasaidoerya-u-ma-bou.pdf	野菜どえりゃー・うー・まー・ぼう	平成29年6月	煮物・いため物・丼物
https://www.city.ichinomiya.aichi.jp/_res/projects/default_project/_page_/001/001/639/2912kuriirichikuzenni.pdf	栗入り筑前煮	平成29年12月	煮物・いため物・丼物
https://www.city.ichinomiya.aichi.jp/_res/projects/default_project/_page_/001/001/639/3001hikizuri.pdf	ひきずり	平成30年1月	煮物・いため物・丼物
https://www.city.ichinomiya.aichi.jp/_res/projects/default_project/_page_/001/001/639/3001kare-okara.pdf	カレーおから	平成30年1月	煮物・いため物・丼物
https://www.city.ichinomiya.aichi.jp/_res/projects/default_project/_page_/001/001/639/3003mi-tobo-runotomatonikomi.pdf	ミートボールのトマト煮込み	平成30年3月	煮物・いため物・丼物
https://www.city.ichinomiya.aichi.jp/_res/projects/default_project/_page_/001/001/639/3005shintakenokonokinpira.pdf	新筍のきんぴら	平成30年5月	煮物・いため物・丼物
https://www.city.ichinomiya.aichi.jp/_res/projects/default_project/_page_/001/001/639/3006ma-bo-mamenonishokudon.pdf	マーボー豆の二色丼	平成30年6月	煮物・いため物・丼物
https://www.city.ichinomiya.aichi.jp/_res/projects/default_project/_page_/001/001/639/3007aichiratatuiyu.pdf	愛知ラタトゥイユ	平成30年7月	煮物・いため物・丼物
https://www.city.ichinomiya.aichi.jp/_res/projects/default_project/_page_/001/001/639/3008jurokusasagenooisuta-so-suitame.pdf	十六ささげのオイスターソースいため	平成30年8月	煮物・いため物・丼物
https://www.city.ichinomiya.aichi.jp/_res/projects/default_project/_page_/001/001/639/3012hakusainokuri-muni.pdf	白菜のクリーム煮	平成30年12月	煮物・いため物・丼物
https://www.city.ichinomiya.aichi.jp/_res/projects/default_project/_page_/001/001/639/0106yakinikudonn.pdf	焼き肉丼	令和元年6月	煮物・いため物・丼物
https://www.city.ichinomiya.aichi.jp/_res/projects/default_project/_page_/001/001/639/0107sloppyjoe.pdf	スラッピージョー	令和元年7月	煮物・いため物・丼物
https://www.city.ichinomiya.aichi.jp/_res/projects/default_project/_page_/001/001/639/0111jagaimonocurryni.pdf	じゃがいものカレー煮	令和元年11月	煮物・いため物・丼物
https://www.city.ichinomiya.aichi.jp/_res/projects/default_project/_page_/001/001/639/0201_138donnnogu.pdf	138丼の具	令和2年1月	煮物・いため物・丼物
https://www.city.ichinomiya.aichi.jp/_res/projects/default_project/_page_/001/001/639/0202misoodenn.pdf	みそおでん	令和2年2月	煮物・いため物・丼物
https://www.city.ichinomiya.aichi.jp/_res/projects/default_project/_page_/001/001/639/0211korikorirenkondonnogu.pdf	コリコリれんこん丼の具	令和2年11月	煮物・いため物・丼物
https://www.city.ichinomiya.aichi.jp/_res/projects/default_project/_page_/001/001/639/0212kakimawashi.pdf	かきまわし	令和2年12月	煮物・いため物・丼物
https://www.city.ichinomiya.aichi.jp/_res/projects/default_project/_page_/001/001/639/0301kiriboshitamago.pdf	一宮の切り干し卵いため	令和3年1月	煮物・いため物・丼物
https://www.city.ichinomiya.aichi.jp/_res/projects/default_project/_page_/001/001/639/0311pirikaranikujyaga.pdf	ピリ辛肉じゃが	令和3年11月	煮物・いため物・丼物
https://www.city.ichinomiya.aichi.jp/_res/projects/default_project/_page_/001/001/639/0402butanikutonasunoamakaraitame.pdf	豚肉となすの甘辛いため	令和4年2月	煮物・いため物・丼物
https://www.city.ichinomiya.aichi.jp/_res/projects/default_project/_page_/001/001/639/0403jagaimotowienernoconsommeitame.pdf	じゃがいもとウインナーのコンソメいため	令和4年3月	煮物・いため物・丼物
https://www.city.ichinomiya.aichi.jp/_res/projects/default_project/_page_/001/001/639/0408nikumisohijikidonnnogu.pdf	肉みそひじき丼の具	令和4年8月	煮物・いため物・丼物
https://www.city.ichinomiya.aichi.jp/_res/projects/default_project/_page_/001/001/639/0411jagaimonobutterni.pdf	じゃがいものバター煮	令和4年11月	煮物・いため物・丼物
https://www.city.ichinomiya.aichi.jp/_res/projects/default_project/_page_/001/001/639/0503luroufannogu.pdf	ルーローハンの具	令和5年3月	煮物・いため物・丼物
https://www.city.ichinomiya.aichi.jp/_res/projects/default_project/_page_/001/001/639/0505shinjaganosoboroni.pdf	新じゃがのそぼろ煮	令和5年5月	煮物・いため物・丼物
https://www.city.ichinomiya.aichi.jp/_res/projects/default_project/_page_/001/001/639/0506shintakenokonooisuta-so-suitame.pdf	新たけのこのオイスターソースいため	令和5年6月	煮物・いため物・丼物
https://www.city.ichinomiya.aichi.jp/_res/projects/default_project/_page_/001/001/639/0507chikinnotomatoni.pdf	チキンのトマト煮	令和5年7月	煮物・いため物・丼物
https://www.city.ichinomiya.aichi.jp/_res/projects/default_project/_page_/001/001/639/0601daikonnoamakarani.pdf	だいこんの甘辛煮	令和6年1月	煮物・いため物・丼物
https://www.city.ichinomiya.aichi.jp/_res/projects/default_project/_page_/001/001/639/2507toriremon.pdf	とりにくのレモンソース	平成25年7月	揚げ物
https://www.city.ichinomiya.aichi.jp/_res/projects/default_project/_page_/001/001/639/2509torinikunoamazu.pdf	鶏肉の甘酢おろしにんじんあえ	平成25年9月	揚げ物
https://www.city.ichinomiya.aichi.jp/_res/projects/default_project/_page_/001/001/639/2510satumaimotodaizu.pdf	さつまいもと大豆のあまがらめ	平成25年10月	揚げ物
https://www.city.ichinomiya.aichi.jp/_res/projects/default_project/_page_/001/001/639/2606marianaso-su.pdf	鶏肉のマリアナソース	平成26年6月	揚げ物
https://www.city.ichinomiya.aichi.jp/_res/projects/default_project/_page_/001/001/639/2611torikara.pdf	鶏から揚げりんごソース	平成26年11月	揚げ物
https://www.city.ichinomiya.aichi.jp/_res/projects/default_project/_page_/001/001/639/2702gomateri.pdf	鶏肉と根菜のごまてり	平成27年2月	揚げ物
https://www.city.ichinomiya.aichi.jp/_res/projects/default_project/_page_/001/001/639/2706amagarame.pdf	鶏肉と大豆の甘がらめ	平成27年6月	揚げ物
https://www.city.ichinomiya.aichi.jp/_res/projects/default_project/_page_/001/001/639/2712sutamina.pdf	スタミナ揚げ	平成27年12月	揚げ物
https://www.city.ichinomiya.aichi.jp/_res/projects/default_project/_page_/001/001/639/2801torikaranegiso-su.pdf	鶏から揚げねぎソース	平成28年1月	揚げ物
https://www.city.ichinomiya.aichi.jp/_res/projects/default_project/_page_/001/001/639/2802maguroringo.pdf	まぐろのりんごソース	平成28年2月	揚げ物
https://www.city.ichinomiya.aichi.jp/_res/projects/default_project/_page_/001/001/639/2805kurozudare.pdf	白身魚の黒酢だれ	平成28年5月	揚げ物
https://www.city.ichinomiya.aichi.jp/_res/projects/default_project/_page_/001/001/639/2807agedangonoketyappu.pdf	揚げ団子のケチャップあんかけ	平成28年7月	揚げ物
https://www.city.ichinomiya.aichi.jp/_res/projects/default_project/_page_/001/001/639/2811satumaimotodaizunojyakoamagarame.pdf	さつま芋と大豆のじゃこ甘がらめ	平成28年11月	揚げ物
https://www.city.ichinomiya.aichi.jp/_res/projects/default_project/_page_/001/001/639/3010natsuyasaitotorikaranoagebitashi.pdf	夏野菜ととりカラの揚げびたし	平成30年10月	揚げ物
https://www.city.ichinomiya.aichi.jp/_res/projects/default_project/_page_/001/001/639/3101torinikutonasunomisogarame.pdf	鶏肉となすのみそがらめ	平成31年1月	揚げ物
https://www.city.ichinomiya.aichi.jp/_res/projects/default_project/_page_/001/001/639/0106agejagaimonosoboroni.pdf	揚げじゃがいものそぼろ煮	令和元年6月	揚げ物
https://www.city.ichinomiya.aichi.jp/_res/projects/default_project/_page_/001/001/639/0109torinikunoumeboshini.pdf	鶏肉の大根おろしと梅干煮	令和元年9月	揚げ物
https://www.city.ichinomiya.aichi.jp/_res/projects/default_project/_page_/001/001/639/0111butanikunoindofuu.pdf	豚肉のインド風から揚げ	令和元年11月	揚げ物
https://www.city.ichinomiya.aichi.jp/_res/projects/default_project/_page_/001/001/639/0201torinikunoamazuan.pdf	鶏肉の甘酢あん	令和2年1月	揚げ物
https://www.city.ichinomiya.aichi.jp/_res/projects/default_project/_page_/001/001/639/0206natsuyasaitotoriniku.pdf	夏野菜と鶏肉の梅肉おろしポン酢	令和2年6月	揚げ物
https://www.city.ichinomiya.aichi.jp/_res/projects/default_project/_page_/001/001/639/0209shiromizakananotamagoankake.pdf	白身魚のたまごあんかけ	令和2年9月	揚げ物
https://www.city.ichinomiya.aichi.jp/_res/projects/default_project/_page_/001/001/639/0303sabanocurryage.pdf	さばのカレー揚げ	令和3年3月	揚げ物
https://www.city.ichinomiya.aichi.jp/_res/projects/default_project/_page_/001/001/639/0303chikuwanoisobeage.pdf	ちくわの磯部揚げ	令和3年3月	揚げ物
https://www.city.ichinomiya.aichi.jp/_res/projects/default_project/_page_/001/001/639/0305daizutokozakananoageni.pdf	大豆と小魚の揚げ煮	令和3年5月	揚げ物
https://www.city.ichinomiya.aichi.jp/_res/projects/default_project/_page_/001/001/639/0306ankakekaraage.pdf	あんかけから揚げ	令和3年6月	揚げ物
https://www.city.ichinomiya.aichi.jp/_res/projects/default_project/_page_/001/001/639/0306ikanolemonsauce.pdf	いかのレモンソース	令和3年6月	揚げ物
https://www.city.ichinomiya.aichi.jp/_res/projects/default_project/_page_/001/001/639/0310torinikunokaraageirodorisaucegake.pdf	鶏肉のから揚げいろどりソースがけ	令和3年10月	揚げ物
https://www.city.ichinomiya.aichi.jp/_res/projects/default_project/_page_/001/001/639/0401spicyfriedchicken.pdf	スパイシーフライドチキン	令和4年1月	揚げ物
https://www.city.ichinomiya.aichi.jp/_res/projects/default_project/_page_/001/001/639/0403siromizakananoketchupsauce.pdf	白身魚のケチャップソース	令和4年3月	揚げ物
https://www.city.ichinomiya.aichi.jp/_res/projects/default_project/_page_/001/001/639/0501siromizakananookakaae.pdf	白身魚のおかか和え	令和5年1月	揚げ物
https://www.city.ichinomiya.aichi.jp/_res/projects/default_project/_page_/001/001/639/0502nasutosakananosyougajouyuae.pdf	なすと魚のしょうがじょうゆ和え	令和5年2月	揚げ物
https://www.city.ichinomiya.aichi.jp/_res/projects/default_project/_page_/001/001/639/0509torinikunoonionjinja-so-sugake.pdf	とり肉のオニオンジンジャーソースがけ	令和5年9月	揚げ物
https://www.city.ichinomiya.aichi.jp/_res/projects/default_project/_page_/001/001/639/0511torikaraagenoyuzuankake.pdf	とりから揚げのゆずあんかけ	令和5年11月	揚げ物
https://www.city.ichinomiya.aichi.jp/_res/projects/default_project/_page_/001/001/639/0602torinikunoisokaage.pdf	とり肉の磯香揚げ	令和6年2月	揚げ物
https://www.city.ichinomiya.aichi.jp/_res/projects/default_project/_page_/001/001/639/2504teridori.pdf	てりどり	平成25年4月	焼き物
https://www.city.ichinomiya.aichi.jp/_res/projects/default_project/_page_/001/001/639/2605sawarateriyaki.pdf	さわらの照り焼き	平成26年5月	焼き物
https://www.city.ichinomiya.aichi.jp/_res/projects/default_project/_page_/001/001/639/2612gomamisodare.pdf	豆腐のごまみそだれ	平成26年12月	焼き物
https://www.city.ichinomiya.aichi.jp/_res/projects/default_project/_page_/001/001/639/2710torinikutomato.pdf	鶏肉のトマトソースがけ	平成27年10月	焼き物
https://www.city.ichinomiya.aichi.jp/_res/projects/default_project/_page_/001/001/639/2810namaagenonikumisokake.pdf	生あげの肉みそかけ	平成28年10月	焼き物
https://www.city.ichinomiya.aichi.jp/_res/projects/default_project/_page_/001/001/639/0307shiromizakananohaabuyaki.pdf	白身魚のハーブ焼き	令和3年7月	焼き物
https://www.city.ichinomiya.aichi.jp/_res/projects/default_project/_page_/001/001/639/2812bansansu-.pdf	バンサンスー	平成28年12月	和え物（サラダ）
https://www.city.ichinomiya.aichi.jp/_res/projects/default_project/_page_/001/001/639/2903kiribosidaikonnogomazuae.pdf	切り干しだいこんのごま酢あえ	平成29年3月	和え物（サラダ）
https://www.city.ichinomiya.aichi.jp/_res/projects/default_project/_page_/001/001/639/2905popaisarada.pdf	ポパイサラダ	平成29年5月	和え物（サラダ）
https://www.city.ichinomiya.aichi.jp/_res/projects/default_project/_page_/001/001/639/2905kyuuritosasami.pdf	きゅうりとささみのめんつゆ和え	平成29年5月	和え物（サラダ）
https://www.city.ichinomiya.aichi.jp/_res/projects/default_project/_page_/001/001/639/2907hijikisarada.pdf	ひじきサラダ	平成29年7月	和え物（サラダ）
https://www.city.ichinomiya.aichi.jp/_res/projects/default_project/_page_/001/001/639/3103hanayasainogomamisoae.pdf	花野菜のごまみそ和え	平成31年3月	和え物（サラダ）
https://www.city.ichinomiya.aichi.jp/_res/projects/default_project/_page_/001/001/639/0406calciumtappurisalad.pdf	カルシウムたっぷりサラダ	令和4年6月	和え物（サラダ）
https://www.city.ichinomiya.aichi.jp/_res/projects/default_project/_page_/001/001/639/0411kiribosidaikontosasagenomisomayosalad.pdf	切り干しだいこんとささげのみそマヨサラダ	令和4年11月	和え物（サラダ）
https://www.city.ichinomiya.aichi.jp/_res/projects/default_project/_page_/001/001/639/0411syakisyakirenkonsalad.pdf	シャキシャキれんこんサラダ	令和4年11月	和え物（サラダ）
https://www.city.ichinomiya.aichi.jp/_res/projects/default_project/_page_/001/001/639/0504akajisoae.pdf	赤じそ和え	令和5年4月	和え物（サラダ）
https://www.city.ichinomiya.aichi.jp/_res/projects/default_project/_page_/001/001/639/0511ingennogomaae.pdf	いんげんのごま和え	令和5年11月	和え物（サラダ）
https://www.city.ichinomiya.aichi.jp/_res/projects/default_project/_page_/001/001/639/0601hijikinogomadoreae.pdf	ひじきのごまドレ和え	令和6年1月	和え物（サラダ）
https://www.city.ichinomiya.aichi.jp/_res/projects/default_project/_page_/001/001/639/3005oroshiso-su.pdf	おろしソース	平成30年5月	ソース・タレ
https://www.city.ichinomiya.aichi.jp/_res/projects/default_project/_page_/001/001/639/0107irodorisauce.pdf	いろどりソース（ハンバーグ）	令和元年7月	ソース・タレ
